"","PC1","PC2","PC3","PC4","PC5","PC6","PC7","PC8","PC9","PC10","PC11","PC12","PC13","Species"
"1",-1.74907695638315,-0.772910794171038,0.362759750782004,1.03271122455933,-0.624998207783091,0.193679384371328,-0.43884498090886,-0.150713996349586,0.487462564953632,-0.136882458120982,0.300892388268838,0.401514972608913,-0.443365467988012,"Symphyotrichum adnatum"
"2",-1.23082161451906,-0.79618450052889,0.65329806601656,1.12953245940935,-0.373567493497006,0.451571121555931,-1.16541284002426,-0.425912693268982,0.892736993024572,-0.142127005760508,0.441995611453823,0.246293876910748,-0.28783571945979,"Symphyotrichum adnatum"
"3",-1.73783268572513,-0.670890021986652,0.21731409693298,1.00248193657934,-0.839724427685687,0.554595463448556,-0.00898215645342987,-0.0827864236626154,0.00482769779236819,-0.101940540082916,-0.0779935265746551,0.0606011213028652,-0.378406206966657,"Symphyotrichum adnatum"
"4",-1.14324022121576,-0.102406346404976,0.396146923827495,0.929198998144882,-0.21469368214375,0.125707494937288,-1.04980344089438,0.850115545731567,-0.0133037144818613,0.409863324293141,-0.227184067820342,-0.185861593025911,-0.0573639423109234,"Symphyotrichum adnatum"
"5",-1.11382450507807,-0.192623296386893,0.577495976005962,1.04746579288185,-0.267896811333326,0.474331032931077,-1.35829164478031,1.19504058690466,-0.14510992752822,0.766417166014354,0.332019711368127,-0.314703365224063,-0.101188016435945,"Symphyotrichum adnatum"
"6",-1.46582535528084,-0.189906823926237,0.449935292012655,0.846376036419752,-0.561966945139287,0.873279469251065,-0.553379044124771,0.515079337701109,-0.432790939192558,0.507323100835724,-0.233213506660747,-0.765157715009449,-0.0941070008271937,"Symphyotrichum adnatum"
"7",-0.826107610996342,-0.475290979464246,0.701603421756327,-0.0642098509294456,-0.408911802027559,-0.0317079416184629,0.385985005507047,0.0497547238763102,-0.348563557530089,-0.0283654183053743,-0.513970911001271,0.155959051164657,0.0804948603071651,"Symphyotrichum bimater"
"8",-1.26707405196971,-0.141630561734973,0.648938788794412,0.189760058599703,-0.601331581237488,0.116583257011091,0.314650376368834,-0.362825518838238,-0.0799173347524342,0.148076402381463,-0.940749007578064,-0.0595775637387112,-0.0360630753631649,"Symphyotrichum bimater"
"9",-1.12124658971179,-0.257608838613797,0.079393291629355,-0.252709770132185,-0.0363661284440463,-0.405744480981487,0.585067055015893,-0.127908681591671,0.0463646496068301,-0.0380078641392306,-0.506467505889543,0.0460265858893231,-0.19427925742901,"Symphyotrichum bimater"
"10",0.064572712581048,-0.741870999357253,0.111880400161154,0.0982148493119681,0.628970262031972,-0.515843776716083,-0.781142108433473,0.126441358408425,0.170680735011624,0.361493252642383,0.30447576250565,0.621607832374018,-0.150651275794697,"Symphyotrichum bimater"
"11",-1.02240911075466,-0.138763110296602,0.527025887037314,-0.318775145125883,0.440653256628482,-0.278027211126584,-0.117062071560897,-0.538606668578258,-0.203690414128982,-0.491037513715023,0.0253926493284341,0.48693465813243,-0.137724528656317,"Symphyotrichum bimater"
"12",-0.566000854397237,-0.802367687505543,-0.00606846261029606,0.225949092938793,0.50241060882781,-0.131921409484731,-0.508269142505397,-0.434637199656553,0.143039373899321,-0.289146284090538,-0.0872056706778923,0.00579020522369929,0.00618110562718686,"Symphyotrichum bimater"
"13",-0.102209662235007,-1.3888252135092,0.252135959179188,0.271794485655747,0.222816151013459,-0.375531551756406,-0.533052319348632,-0.091750328120343,0.772792167158833,-0.269459959343979,0.520806750385923,0.565644517287899,0.137817922212312,"Symphyotrichum bimater"
"14",-0.817912355935352,-0.279820370170647,-0.108790147665747,-0.744611839406191,0.476282630331066,-0.17073172030364,0.535452786466809,-0.471907242616547,0.188420638560012,0.119311594263929,0.140950908895067,-0.204603170216208,-0.173992113711949,"Symphyotrichum bimater"
"15",-0.620001098034004,-0.846711199423225,0.998691180227847,0.339186374000631,-0.421110689390352,-0.33497348406866,-0.483584497813228,0.140591751673763,0.836380907643192,-0.0220184500925084,-0.262565478815011,0.125966021014446,-0.176242326078658,"Symphyotrichum bimater"
"16",-0.739220409733151,-0.228624001952779,0.246448315669297,-0.20168972012332,-0.0692603398120078,0.0697181892466897,0.284053073157834,-0.502048919892037,0.242261465417494,0.201860062773141,-0.306712822484672,0.0253149633503875,-0.105443718242875,"Symphyotrichum bimater"
"17",-0.153657631730991,-0.456362639745932,0.524931011265619,-0.0486082904223335,-0.0931145240177599,0.373493168486842,0.00721124438735606,-0.557278146410011,0.682368114713401,-0.608823049426636,0.0278268424077844,0.241902955052738,-0.170688132242514,"Symphyotrichum bimater"
"18",-0.527898944051335,-0.450664650577986,0.974811603151754,0.0922707769892804,-0.329184616315893,0.0930739183145806,-0.168798346369059,-0.201146114845712,0.332473965029972,-0.243970754282699,-0.210832941797435,0.340430934808784,0.0996689149293914,"Symphyotrichum bimater"
"19",0.0414057634196595,0.0344365638072691,0.499077635075349,-0.597369332310592,0.157499789559099,-0.233663095082233,0.289065450749888,0.429163562874827,0.300521350464082,-0.1121369976474,-0.166457519965431,0.229008947656111,0.230119208494308,"Symphyotrichum bimater"
"20",0.326737495847244,-0.579443822334084,-0.133540729075072,-0.207248009434625,0.544361722673218,-0.408098214876907,-0.526401524011259,-0.142472121203904,1.053845042465,0.74420287028272,0.683469315314679,0.6701256052711,-0.0584289552246055,"Symphyotrichum bimater"
"21",0.280042495720232,0.438422157431384,0.0772590209430657,-0.626930287248946,0.408445214754974,0.0296635584064431,0.107208284914285,-0.221368430635982,0.470584782605687,0.503986973085054,-0.257797175336565,0.208083498662719,0.147402605219014,"Symphyotrichum bimater"
"70",-0.719414024540987,0.526066916052646,-1.30491575331747,1.44456347285384,0.39293278743166,1.05131719416922,-0.666731906718381,0.221623517594086,-0.748455979227786,-0.290649616118406,-0.636298435422017,-0.0670372418418003,0.216342232172506,"Symphyotrichum concolor"
"71",0.114776214497053,0.643322516701287,-1.62502513049897,1.58270492160567,0.658562211588968,1.12762538649415,-1.0864255334308,0.22894521000555,-0.50126832142275,0.199094928401383,-0.502541071212029,0.200416268446863,0.00154388007865208,"Symphyotrichum concolor"
"72",-0.069975843427,-0.273849816579641,-1.26290648840391,1.41916822706505,0.294885910631752,0.66041305495502,-0.78679069730745,0.111842867357826,-0.224158174565234,0.079727864444902,-0.315312604336658,0.383123652887117,0.074743784421196,"Symphyotrichum concolor"
"73",0.859775438894998,0.225696705219206,-2.05706661277353,1.09319721042961,1.48873062105946,0.86918826184668,-1.24711731641414,-0.241409280923267,-0.0122731070797026,-0.176372809987873,0.0467188435655357,0.30933469111127,0.535776098684246,"Symphyotrichum concolor"
"74",1.21771751495292,0.116935207126509,-2.06252389506431,1.3443465085211,1.28844882286934,0.734476921117005,-1.57762780373849,0.0710008621247323,0.298477934761723,0.394996131524149,-0.195125479306666,0.193174428263974,0.193596329767772,"Symphyotrichum concolor"
"75",0.545468235475177,-0.192587799843387,-1.5612134675189,0.914768653517404,0.540625261205072,0.646633974337653,-0.406304744775927,-0.00307188021704397,0.152091288010806,0.19985249021477,-0.198958720466033,0.297992651579811,0.146835000328985,"Symphyotrichum concolor"
"115",-2.73232845861779,2.37593915076797,0.532744855591076,-1.054665204208,0.0463351387003342,0.733716957790469,0.913570845455635,-0.989697941827296,1.00058190577108,-1.01738856403758,0.507584050336146,0.00455661705137161,-0.12445896191803,"Symphyotrichum ericoides"
"116",-1.74340079522873,2.53684492185797,0.647802896368617,-0.504612891749741,-1.05934805785381,1.12949164893557,1.45287642127677,1.10526154736059,1.69787206019597,-1.60924665690422,0.420263745909642,0.216162549171631,1.10290769992623,"Symphyotrichum ericoides"
"117",-2.13721108284814,2.64728213351445,0.301208002577707,-1.33798311306844,0.278809301310331,1.01289898221011,1.02913394770507,-1.17873761031072,1.07340543819893,-1.06729461695951,0.548364657959878,-0.03755072136665,-0.129345787254285,"Symphyotrichum ericoides"
"118",-1.23204689390505,1.53899703486826,3.10711512863224,-0.629290278647638,-0.965173489649461,0.978845828107221,-0.797186418348731,-0.843994944046096,1.15822138934638,-0.0489340291326854,-0.194240767488738,-0.0800837519207691,-0.21691984101713,"Symphyotrichum ericoides"
"119",-1.25945870999592,0.509113270505515,1.54498442874693,0.168757930758764,-0.922123533662935,0.703667748495765,-0.474891476708015,0.059656477908036,0.532738336470578,0.596225638984497,0.123967797909966,0.131232238979307,0.115603033279285,"Symphyotrichum ericoides"
"120",-1.31889499417694,1.16506320051437,1.8863974985148,-0.337791801134742,-1.10591013624151,0.825464851795926,0.0804312848287887,-0.275786370822759,0.531126376550274,0.331373379495466,-0.431137000737988,-0.0152192101542815,0.00046068507784882,"Symphyotrichum ericoides"
"121",-2.31578081970987,0.0101384967567286,0.352352227846033,0.58545662078863,-0.621515504806576,0.318164769649251,0.453810754721558,0.736482319344744,-0.429117171552025,-0.374961297683016,0.191872565012854,0.0760917115218028,-0.215807537498446,"Symphyotrichum ericoides"
"122",-2.64858836599857,0.204079611074889,0.833689831269645,0.361191425191231,-0.403536628599333,0.436674272008066,-0.0267324715795014,0.240896967703604,-0.673866368238629,-0.379566254873464,0.541921272912209,0.167110269126286,-0.20778986752146,"Symphyotrichum ericoides"
"123",-2.68196450178621,0.442443980792883,0.723484637764079,-0.119421986000046,-0.0631878031520783,0.0407650794804807,0.102918897997106,0.131405761992217,-0.605922412247054,-0.0708213616531158,0.351661190383776,-0.0680364772427742,-0.370132696719003,"Symphyotrichum ericoides"
"124",-0.476029789422447,1.50739110917179,-2.46596151284275,-1.54247646512732,1.06426795872756,-0.151370121772403,1.84347499593642,-0.353110987454897,1.08432645860681,1.72039280312914,0.219865095386731,-0.37884264996532,-0.285931651099705,"Symphyotrichum ericoides"
"125",-0.407354112405263,1.31046391193275,-2.3271870294146,-1.46039449014155,0.726808642768893,0.188522156350894,2.02142129038673,-0.670992587023449,0.656057678711077,2.23080933371309,0.167876792433006,-0.204668053724673,-0.151566776802292,"Symphyotrichum ericoides"
"126",-0.963181876825092,1.1825819881653,-5.18353709905933,-5.34756083589922,-5.75624179498337,-0.657666882092617,-2.28368424262951,0.143576675032422,-0.40348489812066,-0.0171030958573507,0.102042215467142,-0.0564550645108778,0.0517044536877727,"Symphyotrichum ericoides"
"127",-2.17990341241193,0.892483429712303,-1.05408209462359,0.234229277295433,0.0105958394557971,0.189813225952463,0.745997477072627,0.862779672555427,0.458110504902108,0.0842370987959338,0.414507796354648,-0.199662220485967,0.102613546371008,"Symphyotrichum ericoides"
"128",-2.47861484086114,0.596164234631636,-0.813887173984012,0.653547636135275,-0.278517105414387,0.215043970555483,0.437628303460899,0.78364161112597,0.12084899709623,0.431676313529138,0.252045947690021,-0.133938948046219,-0.112843562560551,"Symphyotrichum ericoides"
"129",-1.94969295334005,0.173194109377829,-0.657064966827066,0.625121782673999,-0.614881690852495,0.497071636763819,0.619715818695762,0.828215620930198,0.27195388497753,0.544324049610506,0.623885188286896,0.0990666375554649,0.0177292525180929,"Symphyotrichum ericoides"
"130",-2.34167612876288,-0.161608885595213,1.12917922665164,0.526348643483942,-0.63631200198343,0.0863671860759997,-0.280274478200222,0.632998643738939,-0.610576507683174,0.19009721601967,0.138377933470539,0.0726968525942271,-0.0615537386191536,"Symphyotrichum ericoides"
"131",-2.54579696823884,0.20912359600769,0.976484627353537,0.315279901705144,-0.694484201300575,0.0798205220214347,0.153856143435593,0.462729842791922,-0.550836926074805,0.148339701603837,-0.0136412161318459,0.124580689772678,-0.105463263106303,"Symphyotrichum ericoides"
"132",-2.44034517352736,0.493997939365431,1.17232794480391,0.444006250052726,-1.02251881909404,0.325652017659655,0.150434882848911,0.757672515849026,-0.22618702870871,-0.16028827377898,-0.0232767139649873,0.172020920681411,0.0456467843761853,"Symphyotrichum ericoides"
"133",-1.55924241396491,0.213583554773708,-0.41919317037461,-0.174436257964103,0.344067739812984,0.109458583649995,0.657867781027764,0.290871184699327,-1.08133830789956,0.0332383849681042,-0.00962155078525062,-0.00822484370074958,0.16682625381993,"Symphyotrichum ericoides"
"134",-1.9588209964591,0.457147509854184,-0.562647357311529,-0.0179511850919841,0.313096993583007,0.223738986991852,0.603359839278952,0.217462608646815,-1.14744885768459,0.0819896723918193,-0.181575909253467,-0.22097544117393,0.12144486838258,"Symphyotrichum ericoides"
"135",-2.01920564910657,0.182451039763684,-0.734408500681859,0.169871931140032,0.308587690904886,0.164713092865753,0.451527279116199,-0.0323875419453739,-0.94705969827526,0.0303876155953826,-0.175308161005044,-0.191440702439522,0.102994786966212,"Symphyotrichum ericoides"
"154",-0.552107266462399,0.513228840519577,1.30613337565864,-0.349891667537851,-0.0125140260954471,0.3997669724927,-0.735175517515886,0.00213380910303743,0.836409819766297,-0.0848935143103712,0.315729539896825,-0.0949262376859306,0.0110955741645673,"Symphyotrichum falcatum"
"155",0.40847330634133,0.196447947807922,0.627810639161775,-0.573005122166816,0.0754218145993549,0.167394341344648,-0.490334743125752,0.192894452209618,0.870416336367118,2.01107272469453,0.776253584422935,0.368845321422028,-0.0552869603685712,"Symphyotrichum falcatum"
"156",-0.448910505231679,0.730746492275352,1.09623047471137,-0.513683475942753,-0.382887395336495,0.65461871903824,0.0829619564310419,0.297494605263995,0.16384691692974,0.278619400665758,-0.0985820107774056,-0.144179269360986,0.255304689671714,"Symphyotrichum falcatum"
"157",-0.0265859979339631,0.691375525953861,0.206196840316448,-1.71701469850999,1.60962320339847,-0.196638170683149,-0.341986350579529,-1.18987265004455,0.504928591259002,0.283666971359743,0.594157207347691,-0.147544990596926,-0.25201482505704,"Symphyotrichum falcatum"
"158",-1.00972871742352,0.743982472141532,-0.138588836076344,-0.875845926974868,0.794894825936736,-0.228747678660837,0.208037237038578,-0.336774950016856,0.0849832906973404,0.247836308060843,-0.076699368539012,-0.219127105438331,-0.225506410642213,"Symphyotrichum falcatum"
"159",-0.904433732200968,0.729893040333475,0.96955531454291,-1.05867724603613,0.365322323611291,0.461135846731819,-0.083710635242894,-1.32292173221515,0.358668280820447,0.131221232430672,0.177869700848776,-0.146381392527571,-0.518961577679188,"Symphyotrichum falcatum"
"160",-0.804256095398438,1.31271643822576,0.364468453981006,-0.705800197641681,0.776881672143954,0.129022643905106,-0.335601566436901,-0.454713104244021,0.649115657953225,-0.610977013509749,0.0415034097821279,0.052701769596566,0.0775197961289865,"Symphyotrichum falcatum"
"161",-1.44349093066678,0.375079772015085,0.777776856753491,0.0178231477394632,-0.0942968244952278,0.231624546406542,-0.287577489151607,-0.02786566068003,0.231003160796071,-0.495207029220352,0.189085166800508,0.18137479520463,-0.0784862109511902,"Symphyotrichum falcatum"
"162",-0.647470680749409,1.27933570893399,1.33981507821319,-1.03880530134667,0.363107311966487,-0.237836948093547,-0.33986141402107,-0.242924003176846,0.982080672803194,0.0943289193960868,0.344539999935258,0.590138897400029,-0.0765913054033987,"Symphyotrichum falcatum"
"163",-1.74572793004376,-0.59129167702876,0.258378138071267,-0.0355213240210649,-0.608873882838152,-0.0187325388069953,0.915520107548697,-0.328108691539348,-0.564182356479874,0.673876642934586,-0.195473897160264,0.256856586648639,-0.0948948778229108,"Symphyotrichum falcatum"
"164",-1.83336689404856,-0.349989458262713,0.402069219067245,-0.12892135255054,-0.368103826226309,0.263699531558052,0.626035814101545,-0.252279755561767,-0.848582334957822,0.610304894410582,0.0674047116520138,-0.0166939908901331,-0.241168516904353,"Symphyotrichum falcatum"
"165",-2.42335187626651,-0.326463345655875,0.2130353535736,0.395990099018036,-0.27535519432617,0.0754962373018774,0.097425086193673,-0.00608571401597929,-0.647358641617155,0.282591438742373,0.0378831810810141,-0.144062684200367,-0.1329534524393,"Symphyotrichum falcatum"
"166",-1.00285871067015,2.0688576351555,-0.912539797368572,-0.315557565151426,1.91986111127477,0.341869072960012,-0.782841564202943,-1.65550015410035,-1.01345187958416,-0.424012955212455,-0.736868522993281,0.459764682829825,0.599337951594479,"Symphyotrichum falcatum"
"167",-1.81454423026754,1.03815193647203,0.128917777332722,-0.26529662635001,0.753484807278207,0.154746661570682,-0.460275366103188,-0.400911206809196,-0.612595907560187,0.15076544006584,-0.0635231708484789,-0.153254785154418,0.0683051389154641,"Symphyotrichum falcatum"
"168",-1.96187923405361,0.909576058077142,-0.0875194096594432,0.147700444502605,0.477438394981222,0.11486026566146,-0.459345212194514,-0.363198293334439,-0.164081069402052,0.120106855076898,-0.29709778947838,-0.210245953712402,-0.0260000481518731,"Symphyotrichum falcatum"
"169",-1.82084532937067,-0.232954511275929,1.67420755627819,0.367361911822196,-0.66049172849041,0.0934952302718677,-0.625805028970027,-0.134762861850112,-0.116987056908983,0.0212234513875938,-0.308333022810476,0.0245381610302697,-0.194874947741469,"Symphyotrichum falcatum"
"170",-1.82334616142243,-0.10427654009492,1.35832214379256,0.189713829890008,-0.377304013314063,0.2374185671612,-0.48558397490022,0.1893970162348,-0.430224895589663,0.000281329082303799,0.295303410011813,0.123097371774477,-0.0202623696209727,"Symphyotrichum falcatum"
"171",-1.51911276710274,-0.0931842275932727,0.983899880786605,0.527662940795766,-0.439140882550409,0.0417220916012021,-0.610082332373412,0.461687504746598,-0.0529424050997962,0.207074450537345,-0.0885463826378504,0.122395279319912,0.00829292289699453,"Symphyotrichum falcatum"
"184",0.588206879628281,-0.779260918176418,0.738726517069801,-0.542216227164098,0.920435582030694,0.106330253901356,-0.499323490474036,-1.45619013761079,-0.347519164629454,-1.01561914422419,-0.447205954219735,0.277040030409666,0.121833854768498,"Symphyotrichum hintonii"
"185",0.186265868340777,-0.900062352780966,0.42814338289323,-0.334864553079503,0.494506162629936,0.00971314029034444,0.191976272787367,-0.753763818359158,-0.469811367119331,-1.09956788984567,-0.0858381928329488,0.679530770943038,-0.118941438336397,"Symphyotrichum hintonii"
"186",-0.399165897869517,-0.555631637417857,0.872945611029514,0.117406525797962,-0.418620441416993,0.130844148312534,0.0270124164389014,0.176666010204212,0.0808791308837494,-0.453044457613769,-0.407893112918147,0.104389876483935,-0.113084819763556,"Symphyotrichum hintonii"
"211",-0.854685459013637,-0.449074187929764,-0.941051813574894,-0.736430833950825,1.59989073576415,-0.595200176606769,0.108977627527982,-0.399418525588683,-0.688717489582221,-0.210765981842143,0.32440269195066,-0.200720840660097,-0.154758230087801,"Symphyotrichum moranense"
"212",-0.350953864023855,0.191342250515789,-1.28719126519355,-1.0294091574126,2.01171465665915,-0.842384818980002,0.285071380298088,-0.402755849601128,-0.749541379745483,-0.78334312469402,-0.263713193461651,-0.0105143332148982,0.0114713603741353,"Symphyotrichum moranense"
"213",-0.504809611179316,-0.112282355221648,-1.47811079861961,-0.724248196124432,1.57939550438736,-0.134838197609056,0.32722751815488,-0.195810514815839,0.164150593560989,-0.510554199024364,0.613297955752924,-0.540712841691035,-0.238952057811185,"Symphyotrichum moranense"
"214",-0.568807247416594,-0.530373466452562,-0.311742150648363,0.207819264620127,0.0487291854499914,-0.261903902364453,0.226487714637803,1.20340184419725,0.349549103368634,-0.117054790200887,0.234484054049973,-0.0149420270766572,0.180511850537007,"Symphyotrichum moranense"
"215",-0.710738961821615,-1.12330972972757,-0.0254600088936283,0.0831151526382778,0.00905913696596359,-0.327799437098676,0.239369567232374,0.855357547302509,-0.0372561596944334,0.0916484522828579,0.380539288546145,-0.0204872245555086,0.0368438708216871,"Symphyotrichum moranense"
"216",-0.910970901443805,-0.134241216555828,-0.367133491056862,-0.410669793598832,-0.0652470169113319,-0.0481227839073524,1.17455504516293,1.1642744513241,0.367845418753052,-0.626094862239493,0.383302164389772,-0.213807162590714,0.33530386876223,"Symphyotrichum moranense"
"217",-0.842009846703453,-1.2525704361406,0.0986274874873852,-0.0913239719404173,0.0141846336152654,-0.120428061276054,0.719627177766361,0.607118439585385,-0.441690329736832,-0.823678032560386,0.157460443490623,-0.22379513012702,-0.0372915934870978,"Symphyotrichum moranense"
"218",-0.721796091036633,-1.17301997236523,-0.661419533096361,-0.204580437495717,0.528208483095868,-0.455248178658905,0.597558018949465,0.119592338960016,0.239600134558276,-0.74241358272694,0.176047168434986,-0.268894514027043,-0.240132225456633,"Symphyotrichum moranense"
"219",-0.802585903583352,-0.699894277119257,-0.776900188377493,-0.3175975700667,0.882128340544964,-0.264549444631951,0.378573158839416,-0.016393270852441,-0.189171044404682,-0.464141379154694,0.410660868548692,-0.137388710156269,-0.0836827910900563,"Symphyotrichum moranense"
"220",-0.295912861455985,-1.22657852793543,-0.588797357903538,0.237785422143062,0.741437174154806,-0.769944506544354,-0.381835917251118,0.189404908192366,0.165699331362532,0.438097308979348,0.607778412935304,0.677454913438225,-0.259339686318365,"Symphyotrichum moranense"
"221",-0.637976461922908,-0.449863362686403,-0.765161157098318,-1.16310775038341,1.43957409880172,-0.858879104451861,0.42419884016533,0.294214638323831,0.017277409682939,-0.0660388918326553,0.736134679884664,-0.405441211192661,-0.60053275056353,"Symphyotrichum moranense"
"222",-0.0835914785929117,-0.139137528644494,-0.960939489312802,-0.441908912577091,0.888410395989942,-0.594666910655932,0.364456032324134,0.920392575161502,0.699704293433034,-0.516864003509337,0.110569725884404,-0.29420643018863,-0.0469258637001495,"Symphyotrichum moranense"
"223",0.26302652224779,-1.92709327060942,-0.300982863981169,0.0547294414231199,0.654171407827528,-0.735714976624236,-0.397276820356699,0.409017853559537,0.235773147343047,0.123751458700725,0.28405581599518,-0.07639863896886,0.0842226874905921,"Symphyotrichum moranense"
"224",-0.511424517392336,-1.7523416919469,-0.144580375359979,0.182883775260682,0.397495676607812,-0.466141776751811,-0.0159974566185416,0.241637458169288,-0.279185899355219,-0.57180902715148,0.130391087528258,-0.0885715398266207,-0.140053291181148,"Symphyotrichum moranense"
"225",0.280295427622677,-1.89732761341774,-0.221253596119025,0.365236164561357,0.156898828533255,-0.886219446992426,0.0815674449241766,0.453128526347221,0.370097400599929,-0.246919868082014,-0.310829536012153,0.428058937441275,0.305280992478796,"Symphyotrichum moranense"
"226",0.359147006311192,-1.61201661533198,-0.366621524510142,-0.416144671004475,0.55351059686135,-0.821233522836092,0.661605862821592,0.232082477262505,0.266410632089443,-0.566648159521409,0.158143521878109,0.408897952084409,0.0426524045066065,"Symphyotrichum moranense"
"227",0.390441913180226,-1.91454164438193,-0.358762381389064,-0.429472879993511,0.50027405460995,-0.674152546968752,0.81695694063539,-0.240291383543325,-0.17622621367481,-0.707544735261645,-0.212286733678766,0.26020209939673,-0.0495059349573087,"Symphyotrichum moranense"
"228",-0.41329041379009,-1.57000546682352,-0.253259013793318,-0.00217982799660096,0.242835644055614,-0.513715545779412,0.569572652325718,0.0778385237327568,-0.287166688765592,-0.707928693432525,-0.348800165998038,-0.0267638623992773,-0.0535441989134529,"Symphyotrichum moranense"
"229",5.22645910587299,1.58146308709294,0.607089816718724,0.0326309631482914,-1.3480461899687,-0.772045082781486,1.77624987445338,0.0837147892788163,-0.123769104959153,-0.275125703340096,-0.290741501435765,1.13585026747868,0.0626910002922094,"Symphyotrichum novae-angliae"
"230",6.36725074722929,3.67562292244385,0.529244255888725,0.675487911079059,-2.64444632759721,-2.45523161417682,2.73066181941419,-0.428787633220344,-0.203612084682118,0.325036533695095,1.00790687295775,1.20315953709907,-0.10198140862003,"Symphyotrichum novae-angliae"
"231",5.76981290075558,2.55444513163751,-0.171049347764114,1.51132796053902,-2.17053599266298,-1.80226919409057,2.09190328953811,-0.467633135987743,-0.0330356135046281,-0.222939868246435,-0.812941114464842,-0.154270268949229,-0.103992340265678,"Symphyotrichum novae-angliae"
"232",2.92538239384097,1.20856544292493,1.16838863795832,0.423221670998116,-0.744612299173208,-0.644759867880023,-0.143880086703572,-0.39149425549413,-0.448723355641171,0.464451863343403,-0.290568136595209,-0.644726074644861,0.0285066887091706,"Symphyotrichum novae-angliae"
"233",3.47051429685369,2.40873352173043,1.78349662897512,1.23507236990835,-1.53976369944608,-1.76128834548437,-0.357725458269426,-1.92784754044139,-0.123049310037445,0.571525027024953,0.3290119887276,-0.963874459761231,0.351322496631045,"Symphyotrichum novae-angliae"
"234",3.52975973763417,2.49620915781065,1.24415555730201,1.19503938001714,-1.40472879044684,0.038579655058126,-0.28373779104626,-0.930434012871356,0.436682586495472,-0.603572207382062,-0.501160198276512,-1.16002034450681,0.176723940572103,"Symphyotrichum novae-angliae"
"235",1.13426289786487,0.122992434121093,-1.15125044200782,-0.143712967026594,1.48609467147064,-0.0526735464615715,-0.704047874641365,0.243823804603836,0.212481414014778,-0.133117156240272,-0.190758420861778,-0.0504766408041261,0.246593039640797,"Symphyotrichum oblongifolium"
"236",-0.226844124664355,-0.435509265590545,0.108492916327056,-0.0403753754021385,0.529516415746619,-0.378892652622498,-0.603453811053311,-0.0913059224322557,-0.349290466861512,0.543327546750876,-0.751575136985322,-0.231409276816172,-0.00416615853830793,"Symphyotrichum oblongifolium"
"237",-0.206426823738176,-0.768853025567021,-0.54383871515397,0.577010613267292,0.327688068134649,-0.122550834164537,-0.480719547864911,-0.264381208448778,-0.0490100465284527,-0.333581841437323,-0.567197806893253,0.177623670954329,-0.379052817381845,"Symphyotrichum oblongifolium"
"238",0.136829837068982,0.19547225899208,-0.101523546356579,-0.132976497945794,0.883229881023929,0.125953531922191,-0.381115226013608,-0.692230233306057,-1.1973369118376,-0.0616506548759232,-0.68600177466193,0.696904000602069,0.70063529802341,"Symphyotrichum oblongifolium"
"239",0.624208089000137,0.586094572426285,-0.571166084797081,0.220344960272694,0.108527338876931,0.56574273548459,0.198429268999963,1.08086946725943,0.112161598884769,-0.284089121548158,-0.852374802110271,-0.319631700513327,0.338170840233877,"Symphyotrichum oblongifolium"
"240",0.708377213197426,-0.1867254217723,0.376966047885493,0.235814235269928,0.0377874514609861,0.0371988243489558,-0.705559959480115,-0.0389278679769836,0.902698468408898,0.384248318967188,-0.597632597979678,0.270203147400843,0.291831195951938,"Symphyotrichum oblongifolium"
"256",6.13996061061799,5.47732113973749,-2.17072946006272,2.08615870045893,0.857157299030892,-0.153828556151517,-1.16386384868577,0.7520257729718,-0.441969206470002,-0.445911473139587,-0.00755461211225261,0.101630689477103,-0.444653314273647,"Symphyotrichum patens"
"257",4.85240938036945,5.00862353381492,0.00667180676814112,1.37251691382773,0.299692620404419,0.765992581218796,-1.34513257412579,1.79698907655171,-0.66806345202871,-0.948840486957645,-0.63527130059679,0.437241878532214,-1.39274690527428,"Symphyotrichum patens"
"258",4.78386892643338,3.09425954145781,-0.673033476593913,1.89202764968606,-0.659635815949068,0.152818802432731,-0.263388102698309,0.82967434837036,-0.129199030433532,-0.123729929846538,0.389176866170671,0.236133573628357,-0.509604057326752,"Symphyotrichum patens"
"259",4.91538642125579,3.03037924734709,-4.22080657942101,-0.38128919104877,2.64898579660134,0.354734045837193,0.091900474594187,-0.371698787159298,1.34200086401394,-0.169792681700663,-0.166604571671318,-0.223704957265817,0.499589214044622,"Symphyotrichum patens"
"260",2.18282172405568,0.033129741628569,-2.09462849373472,1.83491428170666,1.07661990126207,-0.0268078709444917,-1.72363174524508,-0.274267523805035,0.51103575103163,0.350193645314929,1.01337703179695,-0.555045332971829,-0.10138963641694,"Symphyotrichum patens"
"261",2.09180398764252,0.827316313226269,-2.18757740111756,1.46594262880441,0.91205574748459,0.304558299685527,-0.664139634615504,-0.82221933066899,-0.347264872224871,-0.122139090238616,0.554915199594815,-0.0436109864652103,0.576893584608995,"Symphyotrichum patens"
"295",6.97739476294631,-4.31331068949967,-0.0963805523331675,-0.652431792673389,-0.574671660167161,2.29402058462076,0.610357619469822,-0.055747399461928,-0.181781644854202,1.75074974365154,0.2274802890766,-0.496334450687405,0.236886521923848,"Symphyotrichum pratense"
"296",7.21148540388451,-3.55387320658192,-0.649086484323526,0.13123772348608,0.104687773292647,0.578489132910575,-0.338978489465609,1.0408068891231,1.46726547476008,-0.046641255736682,-0.330215299858917,0.648868248119596,-0.0645084952303068,"Symphyotrichum pratense"
"297",6.82069801556483,-4.34042713298545,0.25591954675147,-0.8331203199409,-0.222352383537416,2.202333436172,0.739779308490186,0.467922749362383,-0.201225999130754,-0.109214369800944,0.480646803056955,-0.74056387377671,-0.162389017354172,"Symphyotrichum pratense"
"298",6.59007681765311,-3.5920245476757,0.89774275373565,-1.27168398848287,-0.161135005255817,3.33540842376496,0.814523264412615,-0.0434117354382282,-0.588288147787448,-1.88731187393549,1.07561796077836,-0.799606323657151,-0.0557241655770295,"Symphyotrichum pratense"
"299",3.52797926995902,-1.67190691890669,-0.185645060137227,-0.674620141533009,-0.423032862241864,1.16115572104285,1.22621292671323,-0.793496498184272,-0.818277483375125,0.507202136259166,-0.0402872291043098,1.54886400433402,-0.153927784767933,"Symphyotrichum pratense"
"300",3.0365169990381,-2.30445152202781,-0.12487482336753,-0.379351136182972,-0.261383047259186,2.95389399565877,0.804293759522806,-0.722095166508528,-1.72982105091562,-0.624077015974337,0.699907120458147,-0.441556482862697,-0.0539698637863985,"Symphyotrichum pratense"
"301",0.881701017641846,-0.36688782125725,0.587285810359426,-0.658150275089509,0.410202652289747,-0.671641951083418,-0.188346167332533,0.645235518294966,0.171012277219081,0.397296680097596,-0.56001444330207,0.14904221298518,0.232542448845576,"Symphyotrichum purpurescens"
"302",0.184109549638788,-0.299652049766541,1.14548118049234,-0.347915608214349,0.087027632127031,-0.326552374650985,-0.344969628296031,-0.247746824806064,-0.163439878323567,0.0157072057185399,-1.23468619426116,-0.0487847881373709,0.120111900769412,"Symphyotrichum purpurescens"
"303",0.845272083183478,-0.71251444384213,1.44329733907841,-0.693844127888143,-0.023830875609023,-0.283096940769694,-0.0726234813138542,0.302424027978278,0.0716668249511158,-0.14886399756904,-0.965272411611866,-0.269030398140059,0.577635517320864,"Symphyotrichum purpurescens"
"304",-0.43829517954577,-1.15967942495487,0.65268803202988,0.0567315743266524,-0.00426953639800448,-0.431979503902191,-0.583781271959696,-0.444251823097942,0.488762929642655,0.689983762500098,-0.0902502304149451,0.135395710027236,-0.100154396404199,"Symphyotrichum purpurescens"
"305",-0.822599527669762,-0.977241835479286,1.45721367597552,-0.0109180799483465,-0.564011391797895,-0.0236917537019275,-0.172339483552779,-0.726265749047709,0.593935281279512,-0.290714919013922,-0.138359375217147,0.248445404283928,-0.295604643964632,"Symphyotrichum purpurescens"
"306",-0.0572217098822522,-1.52061338118401,0.736368666691564,0.419811477449947,-0.347185131166232,-0.255323027419757,-0.474422856843832,-0.206108620247447,0.862063251248377,-0.0417531794822634,-0.233067487789032,0.162800456619712,-0.102931924928739,"Symphyotrichum purpurescens"
"307",1.30105204329154,0.235147509929669,0.551393526897041,0.848439585555648,-1.1285607561678,-1.15840468611388,0.917417127736274,-0.613005191117427,-0.492081642266129,-0.380951996183786,0.426382298330102,-0.879804756213681,0.244277185848006,"Symphyotrichum purpurescens"
"308",0.463245531385992,-0.449036024450902,1.04009674179558,0.562509715547551,-0.823843162598925,-0.711453148844844,-0.0280480703697074,-0.631104072722753,-0.162914489746352,0.337466166803783,0.831641269534843,-0.2383667581455,0.215450177671338,"Symphyotrichum purpurescens"
"309",0.248955420513964,0.079685206731849,-0.0108567758561446,0.781448999863504,-0.662756434701419,-0.313678166825814,0.224177228151055,0.220756241992916,0.331082106948563,-0.028002666159422,0.164232511796366,-0.747084521144469,0.379334156625601,"Symphyotrichum purpurescens"
"310",0.0282319656205839,0.568812235339031,0.154698743355862,0.359112970010594,-0.0686233337973213,-0.957967795124805,0.30329500604707,-0.869372367817442,-0.685057624479196,0.0466484199355703,-0.149904420797683,0.0561997628164991,0.450665584604069,"Symphyotrichum purpurescens"
"311",-0.139939159221788,0.0459561604107861,-0.100524110209757,0.798725448666753,-0.156184853819379,-1.32333566450584,0.329972536248875,0.26806416247993,-0.981596666688443,-0.28987191939661,0.40204170255613,-0.623719434914816,0.296883907284453,"Symphyotrichum purpurescens"
"312",-0.232044718921933,-0.391526073676192,0.0308631588473485,0.29670474987875,-0.296511850391734,-1.28196512729539,0.635172441210194,0.49147172720471,-0.813214412714637,0.280075401785127,-0.590498175681889,-0.388112094178046,0.176731652609736,"Symphyotrichum purpurescens"
"313",2.40060343949349,-0.73727569784594,1.28588274297811,1.60789468656351,-0.164834568339437,-1.44095122542807,-1.97851294811797,-0.447083089322513,0.438191458073781,-0.386912126261313,0.947246883997529,-0.272757254768141,-0.0362889758084566,"Symphyotrichum purpurescens"
"314",1.81358642019341,-0.617481091934239,1.48399723264439,1.03260924984146,-0.317841334227527,-1.82664246456295,-1.05784674697569,-0.783932953266815,-0.524037724132756,0.148086519346053,0.635955658880292,-0.298985040668131,0.0759089116153424,"Symphyotrichum purpurescens"
"315",1.42816371873282,-0.765830671223745,0.800176064481518,1.55634591909146,-0.66644412786291,-1.3882241372857,-0.60657151241826,-0.945176089484095,-0.134573821857971,-0.543110739467965,0.169303475182667,-0.455131967785285,0.0556917981761614,"Symphyotrichum purpurescens"
"316",-0.149676308935206,-0.401460949460521,-0.239210958077347,1.06897267296233,-0.539884058498439,-0.927453152955337,0.202487447227881,0.602398088161585,-0.0411390627480295,0.346735942524349,0.554188685673562,-0.16289199367667,0.0939632817269878,"Symphyotrichum purpurescens"
"317",-0.580396898746353,-0.348217896863207,-0.0293092251750587,1.08935137400405,-0.759224197695486,-1.23876640714423,0.500918641741255,0.0440130055357526,-0.706774054036939,0.485101728825533,0.786406157786591,-0.72338989410342,0.259883890969526,"Symphyotrichum purpurescens"
"318",-0.687949240866549,-0.403218611014107,0.0235829583902084,0.90146653749366,-0.42414311805193,-1.28303497209131,0.219684510656088,0.582129014762157,-0.44588260929509,0.0211583023513164,0.369569294029261,-0.246183929091806,0.230955498659784,"Symphyotrichum purpurescens"
"358",-1.20366929070464,-1.2757193928266,-0.894997476756213,0.429930088135274,0.0935592799197519,-0.409405107462243,0.437338981308408,-0.323740241771572,0.232335343996313,0.209807823692849,-0.520760251830381,-0.422638432767514,-0.283762928106426,"Symphyotrichum turneri"
"359",-1.11794053677909,-1.52290155926741,-0.861427178177676,0.145353822799748,0.122581956819147,-0.188884541946889,0.862111435360894,-0.627524339327772,-0.0304401533150759,-0.390271403691124,-0.651374606055979,-0.723789178256724,-0.272728496185141,"Symphyotrichum turneri"
"360",-1.37317141552454,-1.15159409711618,-0.657493887744041,0.540985714447202,-0.159613171552016,-0.552046637330951,0.716247211926505,-0.0163550494287232,0.298534552610159,-0.473686948612945,-0.430402431512738,0.136961693605499,-0.332153207783383,"Symphyotrichum turneri"
"361",0.264591547941818,-1.51439998920599,-1.20295581042971,0.233588247571523,0.299203218759407,-0.527055733995556,0.492979894226729,-0.222847000049084,0.919944394446934,0.149675234695349,-0.622011008952271,-0.263234334318599,-0.203674066777223,"Symphyotrichum turneri"
"362",-0.655087209266033,-0.911755138713455,-0.974158785841408,0.314379702944911,-0.208185025521562,-0.110368265104916,0.703208142118348,-0.0107837961175336,0.506992953046491,0.683340946211573,-0.253594079933419,-0.0955171192840468,-0.148866688250417,"Symphyotrichum turneri"
"363",-0.917595155601847,-0.788666422383648,-0.891868162952348,0.29985034353946,-0.199637368085707,0.0206619277797494,0.795387337047784,0.213533274529857,0.38637515414453,0.0223107420774179,-0.744298049575244,-0.827216117649158,0.151381459171922,"Symphyotrichum turneri"
"364",-0.885999989647782,-1.03186322671549,-0.990668129184673,0.288216611888136,-0.0428839182983458,-0.33930328152794,0.765308606629916,-0.296757095255357,0.212713076044627,0.156197966293061,-0.714082694465242,-0.264384200391796,-0.568888476937711,"Symphyotrichum turneri"
"365",-1.12668954773297,-0.408223026090364,-0.715298043902585,0.637320407524766,-0.35977306335216,0.0995924771072423,0.689373010242474,0.697282799296364,0.421696816863808,-0.492331398596992,-0.399938289568786,-0.264218179861274,-0.0310620812685862,"Symphyotrichum turneri"
"366",-0.821437850911967,-0.687746670858903,-1.0454328263155,0.406997081537477,0.205877178706044,-0.353873419963185,0.390018564233407,0.285746239863358,0.775552951030539,-0.241618136582427,0.0870531019982309,0.106383384059643,-0.274335158585081,"Symphyotrichum turneri"
"367",-0.90177204504532,-2.63275494473235,-0.407511109284023,1.09628370753136,-0.0657615791998472,-0.584299175458147,-0.261425830412503,-0.279900206287818,0.340657808056167,-0.581693326148729,-0.247855753803384,-0.116425769782216,-0.405063481083336,"Symphyotrichum turneri"
"368",-0.280704574153435,-2.25801358897742,-0.57742089944572,0.934398866658472,-0.262829865358875,-0.678112601993175,0.0610190425976402,0.0507996827714299,0.730530272695292,-0.11136240696244,-0.869816883116547,-0.276780644507536,-0.099266174200162,"Symphyotrichum turneri"
"369",-0.448107061171734,-2.3188587062124,-0.332667449829876,0.771716409124085,-0.577615674211971,-0.685085319577737,0.738827190557912,-0.1035945745595,0.576258643669905,-0.468287781892857,-0.524571212801859,0.504748400623807,-0.163397870854942,"Symphyotrichum turneri"
"370",-0.0605171345102071,-1.371799148716,-4.3198777759176,-4.13097047520016,-5.51711160813025,-0.964003992773227,-3.0710646418681,-0.25026605057841,-0.313014377100231,-0.991706205140331,-0.0379397964551913,0.104702875371819,-0.0592214578010615,"Symphyotrichum turneri"
"371",-4.26981552262427,2.43877383170731,-1.13716242880322,0.428515472423665,0.258258025097421,0.37373698323013,0.45859821864119,0.95869671252765,-0.475541537156772,0.0933137454195022,0.392623166118474,-0.460560745930345,-0.0837158636112898,"Symphyotrichum turneri"
"372",-4.44499109638082,2.27480880264783,-1.05701024011879,0.474746060795825,0.215817237404936,0.351651420161671,0.429646015087306,0.823800472646575,-0.607734887964636,0.152202839478641,0.41097258512638,-0.432551857637833,-0.0600611950561693,"Symphyotrichum turneri"
"373",-0.878414004793772,-0.629845268267918,-0.627473573301073,0.908998865328401,-0.581235215521021,0.177958212756818,0.508793237608025,0.410932262211283,0.184762364600243,-0.00558935520099414,-0.204991559030406,0.586960227813214,0.600860574664153,"Symphyotrichum turneri"
"374",-1.23208942603012,-0.16763919510138,-0.880944820312482,0.554800013550693,-0.210901636689785,-0.131101451063484,0.599360104644628,0.517070365591565,0.505511238480602,0.0281337381777182,-0.0295731540400546,0.360749306847728,0.226634092096034,"Symphyotrichum turneri"
"375",-2.33937659000815,1.07152876286228,-0.514341510383015,0.0776954518640764,-1.00391334860544,0.703109717581673,2.14564066569397,0.767896702822015,-0.205247301712112,-0.559929144264425,0.514626069464566,0.962021399487681,0.486852180191347,"Symphyotrichum turneri"
"388",-2.07609783764204,-1.18833162604731,-0.657026932596687,1.14799756247473,0.0778001898884416,0.228210768443806,-0.308996904501887,-0.833094342224918,-0.960181144321138,0.135980699927598,0.19525246093405,0.487357437848029,0.232797818124039,"Symphyotrichum walteri"
"389",-1.47569260033884,-1.47812222956146,-0.828430280005881,1.16883193435179,0.248109214368449,0.21894656046509,-0.66883602087498,-0.9642932403634,-0.619774525668676,0.843328059798988,0.718775188327617,0.806351676761594,0.244954192845576,"Symphyotrichum walteri"
"390",-1.57528491885699,-1.52385344429305,-0.687803808388308,1.24618508434177,-0.0387500887253661,0.317736902891083,-0.617924140356081,-0.849047096934831,-0.683048700372868,0.93584758981846,0.711825195285049,0.819383604729473,0.255811365165363,"Symphyotrichum walteri"
"391",2.82529839888961,-0.674564823320593,1.61924645896585,-2.8305906549782,2.39406452946218,-2.13622796773844,-0.469742720123279,1.70770706433901,-0.524393832267918,-0.792335873572221,0.120515152262436,0.1003659399605,0.0205968763482276,"Symphyotrichum yukonense"
"392",3.48530581781143,-0.289588313183465,2.73368041007832,-3.61035681870739,2.26949954559114,-2.19486207268802,-0.510424007575031,1.67357382862744,-1.70726338404865,0.83343618291869,-0.103819756672525,0.527651612373181,-0.0890398635950663,"Symphyotrichum yukonense"
"393",2.38320393955724,-0.405794072525773,1.06994814153985,-3.16855132586444,1.89326425645828,-1.7507658480335,0.229877438462265,0.0556276010623119,0.23163520435575,1.00316389388173,-0.480681970372981,-0.473658499683161,0.0506657316543607,"Symphyotrichum yukonense"
"403",-0.501842104096826,1.35948743082953,0.38892891471864,-1.02330144346874,0.308782113468738,0.697916116926379,0.300441800763055,-0.240784179226556,-0.789171998399349,0.537099150063796,0.0205758183357567,0.134082546594541,-0.156117222449103,"Symphyotrichum amethystinum"
"404",-0.780627130423618,1.91675731580443,0.102287221924248,-1.02120828403218,1.12528840226824,0.592324294591996,-0.275344273677987,-0.496945658430719,-0.719647684077265,-0.183255993948165,0.110928642515222,0.0385081303594771,-0.168269538332105,"Symphyotrichum amethystinum"
"405",-0.508688326468656,2.58478626621832,-0.00381457145932208,-1.76666813636406,1.32895254679107,0.601893107350857,0.0451628789981993,-0.76723926763113,-0.490567498694862,0.28550672985232,-0.128547917030472,-0.326469110089402,-0.200210483482508,"Symphyotrichum amethystinum"
"406",0.453420590667022,1.92037428551569,0.679874542862067,-1.10890570311499,0.738405585807308,1.0484123118762,-0.17821821823278,-0.130113600820209,0.206591634433753,-0.788367274314274,0.298714903305292,0.204528884602256,0.204608991138548,"Symphyotrichum amethystinum"
"407",0.368383328766015,2.11396467483953,1.60082771714556,-1.25400879335224,0.336781035991709,0.778176882510518,-0.340380297426798,0.247055686098974,0.191471028678634,-0.371342195704226,-0.280145319136712,-0.0673267768946796,0.122510376433889,"Symphyotrichum amethystinum"
"408",0.187910617560725,1.51146017761467,1.66104937742697,-0.931566645075657,0.29128954555131,1.15619502126298,-0.576365791299144,-0.587477462180649,-0.106931985635746,-0.533175040823525,-0.0415738596465544,0.0995404374870243,0.020454381972401,"Symphyotrichum amethystinum"
"409",0.660902439035043,0.261579945541289,1.45859917389599,-0.248265379915872,-0.0880345409187506,0.440039496862785,-1.13594742802557,0.587287916825884,0.89475050189913,0.412395668306496,0.170002422485132,-0.0315638466727024,0.522739173541878,"Symphyotrichum fendleri"
"410",0.35991231754242,1.15659300610398,2.67258513882214,-1.47413844393006,0.682358199836581,0.0421712947262725,-1.43187306164193,1.38135169195018,-0.476820333315486,0.344046663498832,0.623479784613155,-0.177928203783794,0.414019402988695,"Symphyotrichum fendleri"
"411",0.315311606773053,0.902791001925649,1.62646818358351,-0.729903591283766,-0.0658131286187281,0.373762107504007,-1.02847760570066,0.700809940324829,1.17320346806121,0.369809435881119,-0.278587754241432,-0.879873324637818,0.219983569246661,"Symphyotrichum fendleri"
"412",1.57259270875911,0.890478427964926,0.00359555781769103,-0.0882029617605176,-1.20715831383567,1.71750272401182,0.403722682669439,0.375988295138525,-0.230850947818567,1.6645232888209,-0.842625283864613,0.184247478602483,0.0116736746197902,"Symphyotrichum sericeum"
"413",0.906897183033373,0.671740416766701,0.90140170033949,-0.39135101793733,-1.2945695936332,2.08560269046502,0.476253044687392,-0.147990166988758,-0.413355441825412,0.929237576491877,-0.339582661028295,-0.0404143204134525,-0.169434105521222,"Symphyotrichum sericeum"
"414",1.86276608094517,0.868039066043342,0.633447472961665,-0.349103753933455,-0.921262437532657,2.15280261856973,0.183018185152335,0.27140733434224,-0.389092287502261,0.748415398551504,-0.376545030314561,0.0477633048777503,-0.109159792223292,"Symphyotrichum sericeum"
